report_link,report_txt,report_pdf
https://www.caap.gov.ph?download=9397,1.txt,1.pdf
https://www.caap.gov.ph?download=9119,2.txt,2.pdf
http://www.caap.gov.ph?download=7517,3.txt,3.pdf
http://www.caap.gov.ph?download=7806,4.txt,4.pdf
http://www.caap.gov.ph?download=6472,5.txt,5.pdf
https://www.caap.gov.ph?download=9625,6.txt,6.pdf
http://www.caap.gov.ph?download=7837,7.txt,7.pdf
http://www.caap.gov.ph?download=6491,8.txt,8.pdf
http://www.caap.gov.ph?download=7840,9.txt,9.pdf
http://www.caap.gov.ph?download=7924,10.txt,10.pdf
http://www.caap.gov.ph?download=7934,11.txt,11.pdf
http://www.caap.gov.ph?download=2970,12.txt,12.pdf
http://www.caap.gov.ph?download=7941,13.txt,13.pdf
http://www.caap.gov.ph?download=7944,14.txt,14.pdf
http://www.caap.gov.ph?download=7947,15.txt,15.pdf
http://www.caap.gov.ph?download=7950,16.txt,16.pdf
http://www.caap.gov.ph?download=7953,17.txt,17.pdf
http://www.caap.gov.ph?download=7956,18.txt,18.pdf
http://www.caap.gov.ph?download=6538,19.txt,19.pdf
http://www.caap.gov.ph?download=7959,20.txt,20.pdf
http://www.caap.gov.ph?download=7962,21.txt,21.pdf
http://www.caap.gov.ph?download=4387,22.txt,22.pdf
http://www.caap.gov.ph?download=4384,23.txt,23.pdf
http://www.caap.gov.ph?download=3056,24.txt,24.pdf
http://www.caap.gov.ph?download=4368,25.txt,25.pdf
http://www.caap.gov.ph?download=3062,26.txt,26.pdf
http://www.caap.gov.ph?download=8030,27.txt,27.pdf
http://www.caap.gov.ph?download=3068,28.txt,28.pdf
http://www.caap.gov.ph?download=8033,29.txt,29.pdf
http://www.caap.gov.ph?download=4365,30.txt,30.pdf
http://www.caap.gov.ph?download=8036,31.txt,31.pdf
http://www.caap.gov.ph?download=4362,32.txt,32.pdf
http://www.caap.gov.ph?download=3077,33.txt,33.pdf
http://www.caap.gov.ph?download=3080,34.txt,34.pdf
http://www.caap.gov.ph?download=3097,35.txt,35.pdf
http://www.caap.gov.ph?download=3102,36.txt,36.pdf
http://www.caap.gov.ph?download=3105,37.txt,37.pdf
http://www.caap.gov.ph?download=3108,38.txt,38.pdf
http://www.caap.gov.ph?download=4320,39.txt,39.pdf
http://www.caap.gov.ph?download=8049,40.txt,40.pdf
http://www.caap.gov.ph?download=3114,41.txt,41.pdf
http://www.caap.gov.ph?download=3117,42.txt,42.pdf
http://www.caap.gov.ph?download=3120,43.txt,43.pdf
http://www.caap.gov.ph?download=3123,44.txt,44.pdf
http://www.caap.gov.ph?download=3126,45.txt,45.pdf
http://www.caap.gov.ph?download=4325,46.txt,46.pdf
http://www.caap.gov.ph?download=3129,47.txt,47.pdf
http://www.caap.gov.ph?download=3132,48.txt,48.pdf
http://www.caap.gov.ph?download=3135,49.txt,49.pdf
http://www.caap.gov.ph?download=3141,50.txt,50.pdf
http://www.caap.gov.ph?download=3138,51.txt,51.pdf
http://www.caap.gov.ph?download=3144,52.txt,52.pdf
http://www.caap.gov.ph?download=3147,53.txt,53.pdf
http://www.caap.gov.ph?download=3176,54.txt,54.pdf
http://www.caap.gov.ph?download=3179,55.txt,55.pdf
http://www.caap.gov.ph?download=3185,56.txt,56.pdf
http://www.caap.gov.ph?download=3188,57.txt,57.pdf
http://www.caap.gov.ph?download=3191,58.txt,58.pdf
http://www.caap.gov.ph?download=3194,59.txt,59.pdf
http://www.caap.gov.ph?download=3246,60.txt,60.pdf
http://www.caap.gov.ph?download=3200,61.txt,61.pdf
http://www.caap.gov.ph?download=3203,62.txt,62.pdf
http://www.caap.gov.ph?download=3197,63.txt,63.pdf
http://www.caap.gov.ph?download=3209,64.txt,64.pdf
http://www.caap.gov.ph?download=3212,65.txt,65.pdf
http://www.caap.gov.ph?download=3218,66.txt,66.pdf
http://www.caap.gov.ph?download=3224,67.txt,67.pdf
http://www.caap.gov.ph?download=3227,68.txt,68.pdf
http://www.caap.gov.ph?download=3230,69.txt,69.pdf
http://www.caap.gov.ph?download=3221,70.txt,70.pdf
http://www.caap.gov.ph?download=3233,71.txt,71.pdf
http://www.caap.gov.ph?download=3239,72.txt,72.pdf
http://www.caap.gov.ph?download=3236,73.txt,73.pdf
http://www.caap.gov.ph?download=3284,74.txt,74.pdf
http://www.caap.gov.ph?download=3290,75.txt,75.pdf
http://www.caap.gov.ph?download=3293,76.txt,76.pdf
http://www.caap.gov.ph?download=3296,77.txt,77.pdf
http://www.caap.gov.ph?download=3299,78.txt,78.pdf
http://www.caap.gov.ph?download=3302,79.txt,79.pdf
http://www.caap.gov.ph?download=3305,80.txt,80.pdf
http://www.caap.gov.ph?download=3311,81.txt,81.pdf
http://www.caap.gov.ph?download=3314,82.txt,82.pdf
http://www.caap.gov.ph?download=3317,83.txt,83.pdf
http://www.caap.gov.ph?download=3350,84.txt,84.pdf
http://www.caap.gov.ph?download=3353,85.txt,85.pdf
http://www.caap.gov.ph?download=3356,86.txt,86.pdf
http://www.caap.gov.ph?download=3359,87.txt,87.pdf
http://www.caap.gov.ph?download=3362,88.txt,88.pdf
http://www.caap.gov.ph?download=3421,89.txt,89.pdf
http://www.caap.gov.ph?download=3365,90.txt,90.pdf
http://www.caap.gov.ph?download=3368,91.txt,91.pdf
http://www.caap.gov.ph?download=3371,92.txt,92.pdf
http://www.caap.gov.ph?download=3374,93.txt,93.pdf
http://www.caap.gov.ph?download=3377,94.txt,94.pdf
http://www.caap.gov.ph?download=3380,95.txt,95.pdf
http://www.caap.gov.ph?download=3386,96.txt,96.pdf
http://www.caap.gov.ph?download=3383,97.txt,97.pdf
http://www.caap.gov.ph?download=3389,98.txt,98.pdf
http://www.caap.gov.ph?download=3395,99.txt,99.pdf
http://www.caap.gov.ph?download=3392,100.txt,100.pdf
http://www.caap.gov.ph?download=8057,101.txt,101.pdf
http://www.caap.gov.ph?download=4238,102.txt,102.pdf
http://www.caap.gov.ph?download=4233,103.txt,103.pdf
http://www.caap.gov.ph?download=3447,104.txt,104.pdf
http://www.caap.gov.ph?download=3450,105.txt,105.pdf
http://www.caap.gov.ph?download=3453,106.txt,106.pdf
http://www.caap.gov.ph?download=3456,107.txt,107.pdf
http://www.caap.gov.ph?download=3462,108.txt,108.pdf
http://www.caap.gov.ph?download=3459,109.txt,109.pdf
http://www.caap.gov.ph?download=3562,110.txt,110.pdf
http://www.caap.gov.ph?download=3559,111.txt,111.pdf
http://www.caap.gov.ph?download=3556,112.txt,112.pdf
http://www.caap.gov.ph?download=3553,113.txt,113.pdf
http://www.caap.gov.ph?download=3550,114.txt,114.pdf
http://www.caap.gov.ph?download=3545,115.txt,115.pdf
http://www.caap.gov.ph?download=3542,116.txt,116.pdf
http://www.caap.gov.ph?download=3539,117.txt,117.pdf
http://www.caap.gov.ph?download=3536,118.txt,118.pdf
http://www.caap.gov.ph?download=3533,119.txt,119.pdf
http://www.caap.gov.ph?download=3530,120.txt,120.pdf
http://www.caap.gov.ph?download=3527,121.txt,121.pdf
http://www.caap.gov.ph?download=3668,122.txt,122.pdf
http://www.caap.gov.ph?download=3665,123.txt,123.pdf
http://www.caap.gov.ph?download=3661,124.txt,124.pdf
http://www.caap.gov.ph?download=3657,125.txt,125.pdf
http://www.caap.gov.ph?download=3654,126.txt,126.pdf
http://www.caap.gov.ph?download=3651,127.txt,127.pdf
http://www.caap.gov.ph?download=3648,128.txt,128.pdf
http://www.caap.gov.ph?download=3645,129.txt,129.pdf
http://www.caap.gov.ph?download=3642,130.txt,130.pdf
http://www.caap.gov.ph?download=3639,131.txt,131.pdf
http://www.caap.gov.ph?download=3636,132.txt,132.pdf
http://www.caap.gov.ph?download=3633,133.txt,133.pdf
http://www.caap.gov.ph?download=3627,134.txt,134.pdf
http://www.caap.gov.ph?download=3624,135.txt,135.pdf
http://www.caap.gov.ph?download=3621,136.txt,136.pdf
https://www.caap.gov.ph?download=9829,137.txt,137.pdf
https://www.caap.gov.ph?download=9829,138.txt,138.pdf
